{
  "averageOverallScore": 55.630483091585674,
  "categoryAverages": {
    "achievements": 50.83406496927129,
    "activity": 61.811631497684,
    "hardship": 37.31343283582088,
    "love": 58.99450117831892,
    "skills": 66.35006784260517,
    "travel": 66.8798862828713
  },
  "totalExperienceCompletions": [
    47,
    31,
    17,
    55,
    32,
    31,
    11,
    36,
    13,
    64,
    50,
    57,
    49,
    38,
    48,
    43,
    63,
    23,
    64,
    45,
    55,
    52,
    64,
    58,
    64,
    20,
    56,
    53,
    65,
    61,
    62,
    64,
    65,
    5,
    61,
    44,
    45,
    15,
    58,
    39,
    45,
    55,
    17,
    36,
    62,
    31,
    26,
    61,
    34,
    null,
    14,
    15,
    32,
    32,
    26,
    12,
    54,
    45,
    53,
    62,
    49,
    24,
    56,
    52,
    21,
    12,
    49,
    18,
    65,
    51,
    64,
    59,
    47,
    null,
    41,
    39,
    30,
    57,
    30,
    27,
    40,
    26,
    8,
    5,
    14,
    29,
    64,
    15,
    58,
    15,
    61,
    23,
    2,
    30,
    46,
    41,
    63,
    46,
    26,
    60,
    59,
    64,
    13,
    5,
    12,
    60,
    48,
    40,
    4,
    53,
    23,
    6,
    36,
    51,
    21,
    42,
    49,
    0,
    20,
    10,
    31,
    42,
    24,
    33,
    63,
    47,
    56,
    22,
    11,
    7
  ],
  "totalResponses": 67
}